Info,Accuracy
Normal table,0.7516425755584757
Anonymize table,0.7595432300163132
How much different is accuracy?,0.007900654457837497
