Info,Accuracy
Normal table,0.635958904109589
Anonymize table,0.6061016949152542
How much different is accuracy?,0.029857209194334766
