Info,Accuracy
Normal table,0.5411298315163529
Anonymize table,0.48246492985971945
How much different is accuracy?,0.058664901656633406
