Info,Accuracy
Normal table,0.5658153241650294
Anonymize table,0.510184287099903
How much different is accuracy?,0.0556310370651264
