Info,Accuracy
Normal table,0.5340236686390533
Anonymize table,0.49798590130916415
How much different is accuracy?,0.036037767329889114
